title,person,importance_significance,location,address,approximation,city,state,zip_code,full_address,type_of_historic_resource,subject,date_built_architect_original,date,architects,format,filename,rights,latitude,longitude,coordinates_accuracy,objectid
A. M. E. Book Concern,,,Center City,631 Pine St,FALSE,Philadelphia,PA,19106,631 Pine St Philadelphia PA 19106,,Building,,,,image/jpeg,https://images.nypl.org/index.php?id=1225582&t=w,New York Public Library,39.944263,-75.152949,success,dreamlab1
Benezet's School / Quaker African School House,,School founded for free blacks since 1770 and admitted enslaved children too. benezet was one of the most influential anti-slavery writer and champion of black rights on both sides of the Atlantic.,Center City,Willings Alley,TRUE,Philadelphia,PA,19106,Willings Alley Philadelphia PA 19106,school,Building,,1770,,image/jpeg,https://3.bp.blogspot.com/-NgI-bzgqzpw/UJ_Idk6d7nI/AAAAAAAAFHY/pjn7LXQ99dw/s400/Locust+lot.jpg,,39.94642,-75.147316,success,dreamlab2
Benjamin Banneker Institute,,,Center City,409 S 11th St,FALSE,Philadelphia,PA,19147,409 S 11th St Philadelphia PA 19147,,Building,,,,image/jpeg,https://img.geocaching.com/waymarking/log/display/82f8fd54-d7ff-478f-835c-62a06c8598ec.jpg,,39.944331,-75.159751,success,dreamlab3
College Settlement / W. E. B. DuBois House,,Program recognising African-Americans at UPenn initiated by Black undergraduates in 1972 as part of the ongoing Civil Rights movement.,Center City,617 Rodman St,FALSE,Philadelphia,PA,19147,617 Rodman St Philadelphia PA 19147,settlement house,Building,,1972,,,,,39.94321,-75.158547,doubt,dreamlab4
Colored Industrial School,,,Center City,20th below Walnut St,TRUE,Philadelphia,PA,19103,20th below Walnut St Philadelphia PA 19103,school,Building,,,,,,,39.990821,-75.168428,doubt,dreamlab5
Douglass Hotel (Billie Holiday Residence),,,Center City,1409-1411 Lombard St,TRUE,Philadelphia,PA,19146,1409-1411 Lombard St Philadelphia PA 19146,hotel,Building,1926,1926,,image/jpeg,https://www.preservationalliance.com/images/aia/1409-11LombardSt.jpg,Preservation Alliance for Greater Philadelphia,39.943947,-75.159541,doubt,dreamlab6
Dunbar Theater / Lincoln Theater,,,Center City,S Broad and Lombard St,TRUE,Philadelphia,PA,19146,S Broad and Lombard St Philadelphia PA 19146,theater,Building,,,,image/jpeg,https://3wev1f3oz92s4a12494el03m-wpengine.netdna-ssl.com/wp-content/uploads/2017/03/Lincoln-Marquee-dettail-25412-0-B.jpg,,39.990821,-75.168428,doubt,dreamlab7
Female Anti-Slavery Society,,Predominantly white but racially mixed female abolitionist organization that grew oiut of the inability of women to participate on male abolitionist platforms. Ran between 1833 and 1870.,Center City,107 N 5th St,FALSE,Philadelphia,PA,19106,107 N 5th St Philadelphia PA 19106,,Building,,1833,,image/jpeg,https://hsp.org/sites/default/files/pas.jpg,,39.966843,-75.145813,doubt,dreamlab8
First African Baptist Church Cemetery,Brie,"""Site of the cemetery that served this congregation from 1824 to 1842. Archaeological excavations in the 1980s provided links to ancient African burial customs. The remains were re-interred in Eden Cemetery, Delaware Co., Pa"" [From Historical Marker Database]",Center City,8th and Vine St,TRUE,Philadelphia,PA,19106,8th and Vine St Philadelphia PA 19106,cemetery,Open space,1796,1796,,,,,39.990821,-75.168428,doubt,dreamlab9
First African Baptist Church Site #2 / Cherry Street Baptist Church / Cherry Memorial Baptist Church,,,Center City,1025-1027 Cherry St,TRUE,Philadelphia,PA,19107,1025-1027 Cherry St Philadelphia PA 19107,church,Building,,,,,,,39.963113,-75.229813,doubt,dreamlab10
Free African Society,,,Center City,6th and Lombard St,TRUE,Philadelphia,PA,19147,6th and Lombard St Philadelphia PA 19147,,Building,,,,image/jpeg,https://hsp.org/sites/default/files/legacy_files/migrated/richardallenabsolomjones_half.jpg,,39.990821,-75.168428,doubt,dreamlab11
Grendel's Lair,,,Center City,500 South St,FALSE,Philadelphia,PA,19147,500 South St Philadelphia PA 19147,,Building,,,,image/jpeg,https://www.preservationalliance.com/images/aia/500SouthSt.jpg,,39.941747,-75.150875,success,dreamlab12
Historic St. George's Methodist Church,,,Center City,235 N 4th St,FALSE,Philadelphia,PA,19106,235 N 4th St Philadelphia PA 19106,church,Building,"1767, 1812",1767,,image/jpeg,https://tile.loc.gov/storage-services/service/pnp/habshaer/pa/pa0800/pa0801/photos/139825pv.jpg,,39.992082,-75.138301,doubt,dreamlab13
"James Forten, Sr. House / Charlotte Forten House",,,Center City,336 Lombard St,FALSE,Philadelphia,PA,19147,336 Lombard St Philadelphia PA 19147,dwelling,Residence?,,,,image/jpeg,https://www.preservationalliance.com/images/aia/336LombardStb.jpg,Preservation Alliance for Greater Philadelphia,39.943947,-75.159541,doubt,dreamlab14
Liberation of Jane Johnson,,,Center City,211 S Columbus Blvd,FALSE,Philadelphia,PA,19106,211 S Columbus Blvd Philadelphia PA 19106,,Plaque,,,,image/jpeg,https://npgallery.nps.gov/GetAsset/2d7bad29-73e1-4518-9753-e9ffcd3da775/proxyhires?,,39.990821,-75.168428,doubt,dreamlab15
Lombard Street Riot,,,Center City,6th and  Lombard,TRUE,Philadelphia,PA,19147,6th and  Lombard Philadelphia PA 19147,,Open space;Street,n/a,,,image/jpeg,https://philadelphiaencyclopedia.org/wp-content/uploads/2013/05/RiotIllustration.jpg,,39.933744,-75.161795,doubt,dreamlab16
Mayor Richardson Dilworth House,,,Center City,223-225 S 6th St,TRUE,Philadelphia,PA,19106,223-225 S 6th St Philadelphia PA 19106,dwelling,Residence,,,,image/jpeg,https://www.ocfrealty.com/wp-content/uploads/2019/01/IMG_8030.jpg,,39.949982,-75.150576,doubt,dreamlab17
Octavius V. Catto House Site,,,Center City,814 South St,FALSE,Philadelphia,PA,19147,814 South St Philadelphia PA 19147,dwelling,plaque about residence,demolished ca. 1990,,,image/jpeg,https://ids.si.edu/ids/deliveryService?id=NPG-NPG_2006_8CattoM-000001,,39.942303,-75.156023,success,dreamlab18
Octavius V. Catto School Building #2,,,Center City,2028-2038 Lombard St,TRUE,Philadelphia,PA,19146,2028-2038 Lombard St Philadelphia PA 19146,school,Building,,,,image/jpeg,https://upload.wikimedia.org/wikipedia/commons/1/1c/Octavius_V_Catto_Secondary_School_Colored_Lombard_Street_above_Twentieth_Philadelphia_PA_%281897%29.jpg,,39.943947,-75.159541,doubt,dreamlab19
ODUNDE Festival,Max Johnson Dugan,"Founded in 1975, Odunde claims to be the largest African American street festival in the United States.",Center City,23rd and South Sts,TRUE,Philadelphia,PA,19146,23rd and South Sts Philadelphia PA 19146,,Annual Event,,,,,,,39.990821,-75.168428,doubt,dreamlab20
Pennsylvania Abolition Society,,,Center City,"Front St, below Chestnut St",TRUE,Philadelphia,PA,19106,"Front St, below Chestnut St Philadelphia PA 19106",,Building,,,,image/jpeg,https://www.blackpast.org/wp-content/uploads/The-Pennsylvania-Abolition-Societry-Executive-Committee-Sophia-Smith-Collection-Smith-College.jpg,,39.990821,-75.168428,doubt,dreamlab21
Pennsylvania Hall,,,Center City,S 6th St and  Lombard St,TRUE,Philadelphia,PA,19147,S 6th St and  Lombard St Philadelphia PA 19147,hall,Building,1838; burned 1838,1838,,image/jpeg,https://upload.wikimedia.org/wikipedia/commons/c/c8/Pennsylvania_Hall_%28Philadelphia%29.jpg,,39.990821,-75.168428,doubt,dreamlab22
Robert Bogle Catering Establishment,,,Center City,112 S 8th St,FALSE,Philadelphia,PA,19107,112 S 8th St Philadelphia PA 19107,caterer,Building,,,,image/jpeg,https://libwww.freelibrary.org/images/blog/FLPBlog/resized/bogle-portrait.png,,39.94909,-75.15425,success,dreamlab23
Robert Mara Adger House,,,Center City,823 South St,FALSE,Philadelphia,PA,19147,823 South St Philadelphia PA 19147,dwelling,Building,,,,image/jpeg,https://i.pinimg.com/originals/d0/e4/cb/d0e4cb08475f423afd6860cb029abb25.jpg,,39.943754,-75.166382,doubt,dreamlab24
Thaddeus Kosciuszko House / Kosciuszko National Memorial,,,Center City,301-303 Pine St,TRUE,Philadelphia,PA,19106,301-303 Pine St Philadelphia PA 19106,dwelling,Building,1750-1780,1780,,image/jpeg,https://www.preservationalliance.com/images/aia/301-3PineSt.jpg,Preservation Alliance for Greater Philadelphia,39.953331,-75.224626,doubt,dreamlab25
Wesley A.M.E. Zion Church,,,Center City,1500-1504 Lombard St,TRUE,Philadelphia,PA,19146,1500-1504 Lombard St Philadelphia PA 19146,church,Building,"1925, 1926",1926,,image/jpeg,https://www.preservationalliance.com/images/aia/1500-04LombardSt.jpg,Preservation Alliance for Greater Philadelphia,39.942036,-75.144592,doubt,dreamlab26
Baker Bowl,,,North,N Broad and W Lehigh Ave,TRUE,Philadelphia,PA,19132,N Broad and W Lehigh Ave Philadelphia PA 19132,stadium,Open space; Stadium,1887; demolished 1950,1887,,image/jpeg,https://www.baseball-almanac.com/images/Baker_Bowl_postcard.jpg,,39.990821,-75.168428,doubt,dreamlab27
Black Panthers Headquarters,,,North,1928 Cecil B Moore Ave,FALSE,Philadelphia,PA,19121,1928 Cecil B Moore Ave Philadelphia PA 19121,,Building,,,,image/jpeg,https://images.squarespace-cdn.com/content/v1/57cf18ae6b8f5ba693497e1a/1477071113564-EVO9T7SNVSHGKBO1DDQD/image-asset.jpeg?format=2500w,,39.979651,-75.166851,success,dreamlab28
Cyrus Bustill House ,,,North,near 3rd St and Green St,TRUE,Philadelphia,PA,19123,near 3rd St and Green St Philadelphia PA 19123,dwelling,residence,,,,image/jpeg,https://www.hmdb.org/Photos/19/Photo19214.jpg,,39.990821,-75.168428,doubt,dreamlab29
David Bustill Bowser House,,,North,841 N 4th St,FALSE,Philadelphia,PA,19123,841 N 4th St Philadelphia PA 19123,dwelling,residence,,,,image/jpeg,https://upload.wikimedia.org/wikipedia/commons/thumb/4/4a/David_Bustill_Bowser.png/220px-David_Bustill_Bowser.png,,39.992082,-75.138301,doubt,dreamlab30
Ebenezer Don Carlos Bassett House,,,North,2121 N 29th St,FALSE,Philadelphia,PA,19121,2121 N 29th St Philadelphia PA 19121,dwelling,residence,,,,,,,39.988316,-75.180225,success,dreamlab31
Fair Hill Burial Ground,Brie,"Burial site of Harriet Forten Purvis, African-American abolitionist, suffragist, and co-founder of the Philadelphia Female Anti-Slavery Society. Other abolitionists, mostly Quaker, are also buried here. [From Wikipedia]",North,2901 Germantown Ave,FALSE,Philadelphia,PA,19133,2901 Germantown Ave Philadelphia PA 19133,cemetery,Open space;cemetery,1842,1842,,image/jpeg,https://en.wikipedia.org/wiki/Fair_Hill_Burial_Ground#/media/File:Fair_Hill_Philly.JPG,,39.99678,-75.146065,success,dreamlab32
Jessie Redmon Fauset House,,,North,1853 N 17th St,FALSE,Philadelphia,PA,19121,1853 N 17th St Philadelphia PA 19121,dwelling,residence,ca. 1885,1885,,image/jpeg,https://media.newyorker.com/photos/59097e3bc14b3c606c10999a/master/pass/Jerkins-TheForgottenWorkofJessieRedmonFauset.jpg,,39.982106,-75.161803,success,dreamlab33
John W. Coltrane House,,,North,1511 N 33rd St,FALSE,Philadelphia,PA,19121,1511 N 33rd St Philadelphia PA 19121,dwelling,residence,1895,1895,,image/jpeg,https://upload.wikimedia.org/wikipedia/commons/thumb/7/73/ColtraneH.jpg/500px-ColtraneH.jpg,,39.980283,-75.188424,success,dreamlab34
Negro People's Theater of Philadelphia,,,North,311 N 16th St,FALSE,Philadelphia,PA,19102,311 N 16th St Philadelphia PA 19102,,Building,,,,,,,40.042469,-75.146943,doubt,dreamlab35
Pearl Bailey House,,,North,1946 N 23rd St,FALSE,Philadelphia,PA,19121,1946 N 23rd St Philadelphia PA 19121,dwelling,residence,"ca. 1884-1886, Willis G. Hale",1886,"Hale, Willis G.",image/jpeg,https://phillyjazzblog.files.wordpress.com/2015/03/pearl-bailey-house-1.jpg?w=474,,39.984933,-75.1718,success,dreamlab36
Zoar Methodist Church Site,,,North,409 Brown St,FALSE,Philadelphia,PA,19123,409 Brown St Philadelphia PA 19123,church,Building,,,,image/jpeg,https://encrypted-tbn0.gstatic.com/images?q=tbn:ANd9GcRC3-IFz85M-EMTeWkvu4VNtOXDyCjiv3GZnYs3Hz1f62Q1rqjUnQQshUKgWfUGoI3LPvA&usqp=CAU,,39.964018,-75.144913,success,dreamlab37
Robert Purvis Estate,,,Northeast,Byberry and Thornton Roads,TRUE,Philadelphia,PA,19154,Byberry and Thornton Roads Philadelphia PA 19154,dwelling,residence,ca. 1770,1770,,image/jpeg,https://www.ocfrealty.com/wp-content/uploads/2012/01/IMG_0309-560x420.jpg,,39.990821,-75.168428,doubt,dreamlab38
Cliveden,,,Northwest,6401 Germantown Ave,FALSE,Philadelphia,PA,19119,6401 Germantown Ave Philadelphia PA 19119,dwelling; museum,Building/ museum,"1763, 1764",1763,,image/jpeg,https://www.preservationalliance.com/images/aia/6401Germantown.jpg,Preservation Alliance for Greater Philadelphia,40.047285,-75.181627,success,dreamlab39
First Protest Against Slavery / Kunder House,,,Northwest,5109 Germantown Ave,FALSE,Philadelphia,PA,19144,5109 Germantown Ave Philadelphia PA 19144,dwelling,Building,,,,image/jpeg,https://www.hmdb.org/Photos1/170/Photo170532.jpg,,39.973054,-75.141599,doubt,dreamlab40
Germantown Industrial School for Colored Women,,,Northwest,30 Armat St,FALSE,Philadelphia,PA,19144,30 Armat St Philadelphia PA 19144,school,Building,,,,,,,39.990821,-75.168428,doubt,dreamlab41
Johnson House,,,Northwest,6306 Germantown Ave,FALSE,Philadelphia,PA,19144,6306 Germantown Ave Philadelphia PA 19144,dwelling,residence,1768,1768,,image/jpeg,https://www.preservationalliance.com/images/aia/6306Germantown.jpg,Preservation Alliance for Greater Philadelphia,39.973054,-75.141599,doubt,dreamlab42
Sadie T. M. Alexander House,,,Northwest,700 Westview St,FALSE,Philadelphia,PA,19119,700 Westview St Philadelphia PA 19119,dwelling,residence,,,,image/jpeg,https://www.preservationalliance.com/images/aia/700Westview.jpg,Preservation Alliance for Greater Philadelphia,40.050941,-75.187245,doubt,dreamlab43
Alain Leroy Locke House,,,South,2221 S 5th St,FALSE,Philadelphia,PA,19148,2221 S 5th St Philadelphia PA 19148,dwelling,residence,,,,image/jpeg,https://hiddencityphila.org/wp-content/uploads/2021/06/Alain-Locke-home-1.jpg,,39.947984,-75.149412,doubt,dreamlab44
Christian Street YMCA,,,South,1724 Christian St,FALSE,Philadelphia,PA,19146,1724 Christian St Philadelphia PA 19146,young men's Christian association,Building,ca. 1914; rebuilt 1969,1914,,image/jpeg,https://www.preservationalliance.com/images/aia/1724ChristianSt.jpg,Preservation Alliance for Greater Philadelphia,39.940539,-75.17218,success,dreamlab45
Institute for Colored Youth,,,South,915 Bainbridge St,FALSE,Philadelphia,PA,19147,915 Bainbridge St Philadelphia PA 19147,school,Building,ca. 1865-1866,1866,,image/jpeg,https://www.preservationalliance.com/images/aia/915BainbridgeSt.jpg,Preservation Alliance for Greater Philadelphia,39.942014,-75.15791,success,dreamlab46
Marian Anderson House,,,South,762 S Martin St,FALSE,Philadelphia,PA,19146,762 S Martin St Philadelphia PA 19146,dwelling; museum,Building/museum,,,,image/jpeg,https://upload.wikimedia.org/wikipedia/commons/thumb/c/c3/M_Anderson_House_Philly.jpg/500px-M_Anderson_House_Philly.jpg,,39.9424,-75.174771,doubt,dreamlab47
Mercy Hospital - Site #1,,,South,17th St and Fitzwater St,TRUE,Philadelphia,PA,19146,17th St and Fitzwater St Philadelphia PA 19146,hospital,Building,,,,,,,39.990821,-75.168428,doubt,dreamlab48
Crystal Bird Fauset House,,,West,5403 Vine St,FALSE,Philadelphia,PA,19139,5403 Vine St Philadelphia PA 19139,dwelling,residence,,,,image/jpeg,https://www.phila.gov/media/20170308121227/Crystal-Bird-Fauset1-550x360.jpg,,39.955409,-75.139765,doubt,dreamlab49
Freedom Now Rally (Dr. Martin Luther King Jr.),,,West,Lancaster Ave and Haverford Ave,TRUE,Philadelphia,PA,19104,Lancaster Ave and Haverford Ave Philadelphia PA 19104,,Open space,,,,,,,39.990821,-75.168428,doubt,dreamlab50
MOVE site,,,West,6221 Osage Ave,FALSE,Philadelphia,PA,19143,6221 Osage Ave Philadelphia PA 19143,,Open space,,,,,,,39.955692,-75.24687,success,dreamlab51
Shelter for Colored Orphans,Lauren,Founded in Philadelphia by Quaker women in 1822 to care for orphans,West,44th St and Haverford Ave,TRUE,Philadelphia,PA,19104,44th St and Haverford Ave Philadelphia PA 19104,orphanage,Building,,,,,,,39.990821,-75.168428,doubt,dreamlab52
Underground Railroad Museum at Belmont Mansion / American Women's Heritage Society,Lauren,"The American Women's Heritage Society was founded in November 1986 to maintain and restore Belmont Mansion, an eighteenth century house; Estate owner Richard Peters, used the manison as a site in the underground railroad. The Belmont Mansion houses the Underground Railroad Museum",West,2000 Belmont Mansion Dr,FALSE,Philadelphia,PA,19131,2000 Belmont Mansion Dr Philadelphia PA 19131,dwelling; museum,Building/Museum,"ca. 1742-1751; many additions and alterations, including ca. 1888 and 1905",1751,,image/jpeg,https://www.philasun.com/wp-content/uploads/2016/02/diaspora_02-28-16b.jpg,,39.985323,-75.213071,doubt,dreamlab53
Frederick Douglass Memorial Hospital,,,Center City,1512 or 1522 Lombard St,TRUE,Philadelphia,PA,19146,1512 or 1522 Lombard St Philadelphia PA 19146,hospital,Building,,,,,,,39.990821,-75.168428,doubt,dreamlab54
Church of the Advocate,,,North,1801 W Diamond St,FALSE,Philadelphia,PA,19121,1801 W Diamond St Philadelphia PA 19121,church,Building,"1891, 1897,  Charles M. Burns",1891,"Burns, Charles M.",image/jpeg,https://billypenn.com/wp-content/uploads/2019/10/churchoftheadvocate-02crop-1024x576.jpg,,39.987156,-75.175417,doubt,dreamlab55
North Penn Baptist Church,,,North,2419-2425 N 27th St,TRUE,Philadelphia,PA,19132,2419-2425 N 27th St Philadelphia PA 19132,church,Building,"ca. 1911, Charles Wells",1911,"Wells, Charles",,,,39.985261,-75.177145,doubt,dreamlab56
Greater Exodus Baptist Church / Our Lady of Blessed Sacrament / Central Presbyterian Church,,,North,708-714 N Broad St,TRUE,Philadelphia,PA,19130,708-714 N Broad St Philadelphia PA 19130,church,Building,"ca. 1877, Collins Autenreith",1877,"Autenreith, Collins",image/jpeg,https://1.bp.blogspot.com/-B9RqF2W50Sk/XQSjxqw1jrI/AAAAAAAAouQ/wJHHBWrYZTUd6sE0d1nuhOI5OSmRe5BDgCLcBGAs/s640/MediaStream%2B%25281%2529.jpg,,40.010581,-75.150898,doubt,dreamlab57
Uptown Theater,,"Originally built for the rich people in athe area, the theatre and neighbourhood was taken over by the Africa-Americans in the years following the Great Depression. Actually became the epicenter of Afro-American community and civil rights activism, especially with regard to music.",North,2240 N Broad St,FALSE,Philadelphia,PA,19132,2240 N Broad St Philadelphia PA 19132,theater,Building,"1927, 1929, E. Magiziner, H. Magiziner",1927,"Magiziner, E.; Magiziner H.",image/jpeg,https://cdn10.phillymag.com/wp-content/uploads/sites/3/2021/09/Uptown-theater-lede.jpg,,39.987403,-75.15652,success,dreamlab58
Peter A. B. Widener Mausoleum (Laurel Hill Cemetery),Brie,"The Mausoleum was designed by Julian Abele, prominant architect and the first Black graduate of the University of Pennsylvania's School of Design. [From: Penn's ""Penn People"" feature]",North,3822 Ridge Ave,FALSE,Philadelphia,PA,19132,3822 Ridge Ave Philadelphia PA 19132,mausoleum,Building,"mausoleum ca. 1915, Horace Trumbauer (Julian Abele)",1915,"Trumbauer, Horace; Abele, Julian",image/jpeg,https://en.wikipedia.org/wiki/Peter_Arrell_Browne_Widener#/media/File:Peter_Widener_Mausoleum.jpg,,39.96086,-75.156768,doubt,dreamlab59
Wayland Temple Baptist Church / Columbia Avenue Methodist Church,,,North,2500 Cecil B Moore Ave,TRUE,Philadelphia,PA,19121,2500 Cecil B Moore Ave Philadelphia PA 19121,church,Building,"1888, Oscar Frotscher; alterations, 1916, George Savage",1888,"Frotscher, Oscar",,,,39.980753,-75.175932,success,dreamlab60
B.M. Oakley Memorial Temple / Trinity Reformed Church,,,North,1535 N 7th St,FALSE,Philadelphia,PA,19122,1535 N 7th St Philadelphia PA 19122,church,Building,"1869, Samuel Sloan",1869,"Sloan, Samuel ",,,,39.974826,-75.147168,success,dreamlab61
Zion Baptist Church / St. Paul Reformed Church / Trinity Reformed Church,,,North,3600 N Broad St,FALSE,Philadelphia,PA,19140,3600 N Broad St Philadelphia PA 19140,church,Building,"1904, Stearns & Castor; alterations, 1914, Stearns & Castor; alterations, 1973, Eshbach, Glass, Kale & Associates",1904,Stearns & Castor,,,,40.007963,-75.152024,success,dreamlab62
Freedom Theatre,Lauren,Chronicles African-American history in the performing arts; founded by John E. Allen  in 1966 with the support of the Black People's Unity Movement,North,1346 N Broad St,FALSE,Philadelphia,PA,19121,1346 N Broad St Philadelphia PA 19121,theater,Building,"1853, 1865; Stephen D. Button",1853,"Button, Stephen D.",,,,40.010581,-75.150898,doubt,dreamlab63
St. Paul Baptist Church / First Reformed Church Building,,,North,1000 Wallace St,FALSE,Philadelphia,PA,19123,1000 Wallace St Philadelphia PA 19123,church,Building,"before 1888; alterations, 1916, 1920, 1929, Stuckert & Co.",1888,,,,,39.963493,-75.217236,doubt,dreamlab64
Berean Presbyterian Church Site / Berean Institute,,,North,1906-1926 S College Ave,TRUE,Philadelphia,PA,19121,1906-1926 S College Ave Philadelphia PA 19121,church,Building,"1884; 1888, T. P. Chandler",1884,"Chandler, T.P. ",,,,39.972627,-75.173802,doubt,dreamlab65
Berean Presbyterian Church / Bethlehem Presbyterian Church,,,North,2101 N Broad St,FALSE,Philadelphia,PA,19122,2101 N Broad St Philadelphia PA 19122,church,Building,"1888, T. P. Chandler; alterations, 1909, 1910, 1915, J. Franklin Stuckert",1888,"Stuckert, J. Franklin",,,,39.98487,-75.156197,success,dreamlab66
Universal Negro Improvement Association (UNIA),,,North,1609-11 Cecil B Moore Ave,TRUE,Philadelphia,PA,19121,1609-11 Cecil B Moore Ave Philadelphia PA 19121,,Building,"ca. 1894, Thomas Lonsdale",1894,"Thonsdale, Thomas",,,,39.979375,-75.161489,success,dreamlab67
Girard College,,,North,2101 S College Ave,FALSE,Philadelphia,PA,19121,2101 S College Ave Philadelphia PA 19121,school,Building,"1833, Thomas Ustick Walter; 1968",1833,"Walter, Thomas Ustick",image/jpeg,https://media.phillyvoice.com/media/images/01-083115_GirardCollege_Carroll.2e16d0ba.fill-735x490.jpg,,39.972627,-75.173802,doubt,dreamlab68
Union A.M.E. Church / Hedding M. E. Church / Calvary Baptist Church,,,North,655 N 16th St,FALSE,Philadelphia,PA,19130,655 N 16th St Philadelphia PA 19130,church,Building,"before 1859; alterations, 1902, Watson & Huckel; alterations, 1906, C. Davis",1859,,,,,39.966666,-75.163569,success,dreamlab69
Unity Mission / Charles T. Ellis House,,,North,1430 N Broad St,FALSE,Philadelphia,PA,19121,1430 N Broad St Philadelphia PA 19121,dwelling,residence,"ca. 1891, William Decker",1891,"Decker, William",,,,39.975493,-75.15912,success,dreamlab70
Metropolitan Opera House,,,North,848-860 N Broad St,TRUE,Philadelphia,PA,19130,848-860 N Broad St Philadelphia PA 19130,opera house; church,Building,"1908, William McElfatrick",1908,"McElfatrick, William",,,,40.010581,-75.150898,doubt,dreamlab71
Shibe Park / Connie Mack Stadium,,,North,2701 N 21st St,FALSE,Philadelphia,PA,19132,2701 N 21st St Philadelphia PA 19132,stadium,Open spaces/stadium,"1908-1909, William Steele & Sons Co.; numerous alterations; demolished 1976",1909,William Steele & Sons Co,,,,39.983256,-75.168608,doubt,dreamlab72
Divine Lorraine Hotel,,,North,699 N Broad St,FALSE,Philadelphia,PA,19123,699 N Broad St Philadelphia PA 19123,hotel; apartment building,Building,"1894, Willis G. Hale",1894,"Hale, Willis G.",,,,39.966699,-75.160017,success,dreamlab73
Bethany A.M.E. Church,,,Northeast,8820 Ashton Rd,FALSE,Philadelphia,PA,19136,8820 Ashton Rd Philadelphia PA 19136,church,Building,"early 19th century; Elias Chase, builder",,"Chase, Elias",,,,40.058183,-75.027363,success,dreamlab74
Germantown Historical Society / Fromberger House,,,Northwest,5501-5505 Germantown Ave,TRUE,Philadelphia,PA,19144,5501-5505 Germantown Ave Philadelphia PA 19144,dwelling; young women's christian association; church; office building,Building,"ca. 1795-96; enlarged 1917; renovated after fire, 1930; rehabbed, 1952-54, G. Edwin",1796,,image/jpeg,https://www.preservationalliance.com/images/aia/5501Germantown.jpg,Preservation Alliance for Greater Philadelphia,39.973054,-75.141599,doubt,dreamlab75
Northern Home for Children,,,Northwest,5301 Ridge Ave,FALSE,Philadelphia,PA,19128,5301 Ridge Ave Philadelphia PA 19128,,Building,"alterations, 1927, Horace Trumbauer (Julian Abele)",,,,,,40.021044,-75.208578,success,dreamlab76
Grace Baptist Church Building #1,,,Northwest,34-36 E Sharpnack St,TRUE,Philadelphia,PA,19119,34-36 E Sharpnack St Philadelphia PA 19119,church,Building,"1908, Jacob Naschold",1908,"Naschold, Jacob",image/jpeg,https://www.preservationalliance.com/images/aia/34-6ESharpnack.jpg,Preservation Alliance for Greater Philadelphia,40.049813,-75.183061,success,dreamlab77
Coulter Street School site / Daniel L. Keyser School / Wissahickon Boys and Girls Club,,,Northwest,328 W Coulter St,FALSE,Philadelphia,PA,19144,328 W Coulter St Philadelphia PA 19144,school,Building,"ca. 1887-1899, Joseph Anshutz",1899,"Anshutz, Joseph",image/jpeg,https://www.preservationalliance.com/images/aia/328WCoulter.jpg,Preservation Alliance for Greater Philadelphia,40.026712,-75.176742,success,dreamlab78
Galilee Baptist Church Building,,,Northwest,457 Roxborough Ave,TRUE,Philadelphia,PA,19128,457 Roxborough Ave Philadelphia PA 19128,church,Building,"1900, Kennedy & Kelsey",1900,Kennedy & Kelsey,,,,40.028745,-75.213417,success,dreamlab79
Thomas Meehan Public School,,,Northwest,5347-5353 Pulaski Ave,TRUE,Philadelphia,PA,19144,5347-5353 Pulaski Ave Philadelphia PA 19144,school,Building,"1901, Lloyd Titus",1901,"Titus, Lloyd",image/jpeg,https://www.preservationalliance.com/images/aia/5347Pulaski.jpg,Preservation Alliance for Greater Philadelphia,40.032722,-75.182942,doubt,dreamlab80
Grace Baptist Church Building #2,,,Northwest,25 W Johnson St,FALSE,Philadelphia,PA,19144,25 W Johnson St Philadelphia PA 19144,church,Building,"late 1960s, Mansell, McGettigan & Fugate",,"Mansell, McGettigan & Fugate",image/jpeg,https://www.preservationalliance.com/images/aia/25WJohnson.jpg,Preservation Alliance for Greater Philadelphia,40.037799,-75.190539,doubt,dreamlab81
Canaan Baptist Church Building / West Side Presbyterian Church Building,,,Northwest,5430 Pulaski Ave,FALSE,Philadelphia,PA,19144,5430 Pulaski Ave Philadelphia PA 19144,church,Building,"1891, Mantle Fielding",1891,"Fielding, Mantle",image/jpeg,https://www.preservationalliance.com/images/aia/5430Pulaski.jpg,Preservation Alliance for Greater Philadelphia,40.028438,-75.177459,success,dreamlab82
Janes Methodist Church Building,,,Northwest,528 E Haines St,FALSE,Philadelphia,PA,19144,528 E Haines St Philadelphia PA 19144,church,Building,"ca. 1898 or 1911, Rankin and Kellogg",1898,Rankin & Kellogg,image/jpeg,https://www.preservationalliance.com/images/aia/528EHaines.jpg,Preservation Alliance for Greater Philadelphia,40.04493,-75.169789,success,dreamlab83
Germantown YMCA,,,Northwest,5722 Greene St,FALSE,Philadelphia,PA,19144,5722 Greene St Philadelphia PA 19144,young men's christian association,Building,"1928, Thomas, Martin & Kirkpatrick",1928,"Thomas, Martin & Kirkpatrick",image/jpeg,https://www.preservationalliance.com/images/aia/5722Greene.jpg,Preservation Alliance for Greater Philadelphia,40.034007,-75.177817,success,dreamlab84
Bethel A.M.E. Church (Germantown) Building #2 / Rialto Theater Building / Tulpehocken Theater Building,,,Northwest,6153 Germantown Ave,FALSE,Philadelphia,PA,19144,6153 Germantown Ave Philadelphia PA 19144,church,Building,"1914, architect unknown; alterations, William H. Lee, c. 1936; alterations c.1976",1914,,image/jpeg,https://www.preservationalliance.com/images/aia/6153Germantown.jpg,Preservation Alliance for Greater Philadelphia,40.042148,-75.179724,success,dreamlab85
Bainbridge Club / Hotel Brotherhood USA,,,South,1523-1529 Bainbridge St,TRUE,Philadelphia,PA,19146,1523-1529 Bainbridge St Philadelphia PA 19146,clubhouse,Building,"ca. 1919, A. Borzner",1919,"Borzner, A.",,,,39.942257,-75.161512,doubt,dreamlab86
Gloria Dei Church / Old Swedes' Episcopal Church,,,South,916 S Swanson St,FALSE,Philadelphia,PA,19147,916 S Swanson St Philadelphia PA 19147,church,Building,"1677-1698, Andrew Rudman; alterations, 1703-1705, ca. 1733, 1845; alterations, 1896, George Champlin Mason, Jr.",1698,"Rudman, Andrew",,,,39.916921,-75.146962,doubt,dreamlab87
Elks Lodge,,,South,739-43 S 16th St,TRUE,Philadelphia,PA,19146,739-43 S 16th St Philadelphia PA 19146,,Building,"ca. 1928, C. Adams",1928,"Adams, C.",,,,39.942034,-75.168896,success,dreamlab88
Union Baptist Church Building #2,,,South,1910 Fitzwater St,FALSE,Philadelphia,PA,19146,1910 Fitzwater St Philadelphia PA 19146,church,Building,"1913, Charles Bolton & Son; alterations, 1926, Charles Bolton & Son",1913,Charles Bolton & Son,,,,39.942723,-75.174563,success,dreamlab89
St. Charles Borromeo Church,,,South,1941 Christian St,FALSE,Philadelphia,PA,19146,1941 Christian St Philadelphia PA 19146,church,Building,"1876, Edwin Forrest Durang",1876,"Durang, Edwin Forrest ",image/jpeg,https://www.preservationalliance.com/images/aia/1941ChristianSt.jpg,Preservation Alliance for Greater Philadelphia,39.941299,-75.175457,success,dreamlab90
Holy Trinity Baptist Church,,,South,1818-1824 Bainbridge St,TRUE,Philadelphia,PA,19146,1818-1824 Bainbridge St Philadelphia PA 19146,church,Building,"1900, Edwin Gilbert of Gilbert & Reid",1900,Gilbert & Reid,,,,39.942257,-75.161512,doubt,dreamlab91
YWCA - Southwest-Belmont Branch,Lauren,Significant site of Black women's organizing; oldest black Y.W.C.A. branch; founded in 1870,South,1607-15 Catharine St,TRUE,Philadelphia,PA,19146,1607-15 Catharine St Philadelphia PA 19146,young women's christian association,Building,"ca. 1922, Erskine, Morris",1922,Erskine,,,,39.936955,-75.142769,doubt,dreamlab92
Shiloh Baptist Church #3 / Church of the Holy Apostles,,,South,2040 Christian St,FALSE,Philadelphia,PA,19146,2040 Christian St Philadelphia PA 19146,church,Building,"1868-1870, Fraser, Furness & Hewitt; alterations, 1890, George W. Hewitt",1870,"Fraser, Furness & Hewitt;",image/jpeg,https://www.preservationalliance.com/images/aia/2040ChristianSt.jpg,Preservation Alliance for Greater Philadelphia,39.941156,-75.17749,success,dreamlab93
Harrison Day Nursery,,,South,1839-1843 Ellsworth St,TRUE,Philadelphia,PA,19146,1839-1843 Ellsworth St Philadelphia PA 19146,day care,Building,"1898, Furness, Evans and Co.",1898,"Furness, Evans and Co.",,,,39.933044,-75.146626,doubt,dreamlab94
Zion A.M.E. Church,,,South,1600 S 21st St,FALSE,Philadelphia,PA,19145,1600 S 21st St Philadelphia PA 19145,church,Building,"1925-1928, George E. Savage",1928,,,,,39.931847,-75.180092,success,dreamlab95
St. Martha's House / Houston Community Center,,,South,2029 S 8th St,FALSE,Philadelphia,PA,19148,2029 S 8th St Philadelphia PA 19148,settlement house,Building,"ca. 1914, Hastings Brockie",1914,,,,,39.923225,-75.159555,success,dreamlab96
St. Mary Chapel Building,,,South,1831-1835 Bainbridge St,TRUE,Philadelphia,PA,19146,1831-1835 Bainbridge St Philadelphia PA 19146,church,Building,"1897, Hazlehurst & Huckel",1897,,,,,39.942257,-75.161512,doubt,dreamlab97
Varick Memorial Church Site,,,South,763 S 19th St,FALSE,Philadelphia,PA,19146,763 S 19th St Philadelphia PA 19146,church,Building,"1889, Hazlehurst & Huckel",1889,,,,,39.942029,-75.173852,success,dreamlab98
Friendship Baptist Church / 18th Street Baptist Church / 18th Street Methodist Episcopal Church,,,South,1730 Wharton St,FALSE,Philadelphia,PA,19146,1730 Wharton St Philadelphia PA 19146,church,Building,"1885-1888, J. Franklin Stuckert",1888,,,,,39.934777,-75.173805,success,dreamlab99
Church of the Crucifixion Building and Parish House,,,South,620 S 8th St,FALSE,Philadelphia,PA,19147,620 S 8th St Philadelphia PA 19147,church,Building,"1883, Pursell & Fry; 1902, Isaac Pursell and Duhring, Okie & Ziegler",1883,,image/jpeg,https://www.preservationalliance.com/images/aia/620S8thSt.jpg,Preservation Alliance for Greater Philadelphia,39.932037,-75.157756,doubt,dreamlab100
Tasker Street Baptist Church / Metropolitan Baptist Church,,,South,2010 Tasker St,FALSE,Philadelphia,PA,19145,2010 Tasker St Philadelphia PA 19145,church,Building,"ca. 1900, S. Bythewood; alterations, 1928 and 1940, Richard R. Neely",1900,,,,,39.930982,-75.172246,doubt,dreamlab101
First African Presbyterian Church / Tabor Chapel / St. Paul's German Reform Church / First Colored Wesley Methodist Church,,,South,1642 Fitzwater St,FALSE,Philadelphia,PA,19146,1642 Fitzwater St Philadelphia PA 19146,church,Building,"1857, Samuel Sloan",1857,,image/jpeg,https://www.preservationalliance.com/images/aia/1642FitzwaterSt.jpg,Preservation Alliance for Greater Philadelphia,39.942237,-75.170639,success,dreamlab102
Union Baptist Building #1 / New Hope Temple Baptist Church,,,South,711-715 S 12th St,TRUE,Philadelphia,PA,19147,711-715 S 12th St Philadelphia PA 19147,church,Building,"1893, Thomas Bennett",1893,,image/jpeg,https://www.preservationalliance.com/images/aia/711-15S12thStb.jpg,Preservation Alliance for Greater Philadelphia,39.932836,-75.164046,doubt,dreamlab103
Moyamensing Prison,,American prison where the impriosnment of abolitionist Passmore Williamson created a stir around 1855.,South,10th St and Reed St,TRUE,Philadelphia,PA,19147,10th St and Reed St Philadelphia PA 19147,prison,Building,"ca. 1832-1835, Thomas Ustick Walter; many alterations; demolished 1968",1835,,,,,39.990821,-75.168428,doubt,dreamlab104
St. Simon the Cyrenian Church and Rectory,,,South,1401 S 22nd St,FALSE,Philadelphia,PA,19146,1401 S 22nd St Philadelphia PA 19146,church,Building,"1905 (rectory), 1913-1914, Thomas, Churchman & Molitor",1905,,,,,39.934379,-75.180644,success,dreamlab105
First Penny Savings and Loan,,,South,2052 Bainbridge St,FALSE,Philadelphia,PA,19146,2052 Bainbridge St Philadelphia PA 19146,bank,Building,"ca. 1914, W. Haddock",1914,,,,,39.942257,-75.161512,doubt,dreamlab106
First African Baptist Church Building,,,South,1600-1606 Christian St,TRUE,Philadelphia,PA,19146,1600-1606 Christian St Philadelphia PA 19146,church,Building,"1904, Watson & Huckel",1904,,,,,39.939942,-75.165555,doubt,dreamlab107
Shiloh Baptist Church #1 / Murray Chapel / Mount Olive A.M.E. Church / Waters Memorial A.M.E. Church,,,South,609 S Clifton St,FALSE,Philadelphia,PA,19147,609 S Clifton St Philadelphia PA 19147,church,Building,"ca. 1840; alterations, 1895, Wilson Brothers; alterations, 1921, C. Wilson; alterations, 1953",1840,,image/jpeg,https://www.preservationalliance.com/images/aia/609SCliftonSt.jpg,Preservation Alliance for Greater Philadelphia,39.942645,-75.159714,success,dreamlab108
Dutrieuille Catering Site #2,,,West,4001 Spring Garden St,FALSE,Philadelphia,PA,19104,4001 Spring Garden St Philadelphia PA 19104,caterer,Building,"ca. 1888, A. Wade",,,,,,39.961839,-75.202415,success,dreamlab109
First African Presbyterian Church / Emmanuel Presbyterian Church,,,West,4159 W Girard Ave,FALSE,Philadelphia,PA,19104,4159 W Girard Ave Philadelphia PA 19104,church,Building,"1912, Charles Bolton & Son",,,,,,39.973946,-75.209674,success,dreamlab110
St. Matthew Church Building,,,West,215 N 57th St,FALSE,Philadelphia,PA,19139,215 N 57th St Philadelphia PA 19139,church,Building,"1940, Charles Bolton & Son",,,,,,39.964697,-75.233722,success,dreamlab111
Bethel Baptist Church,,,West,4033-4037 Haverford Ave,TRUE,Philadelphia,PA,19104,4033-4037 Haverford Ave Philadelphia PA 19104,church,Building,"1924, Clarence Caspary",,,,,,39.968301,-75.23486,doubt,dreamlab112
Franklin Field,,,West,33rd St and Spruce Street,TRUE,Philadelphia,PA,19104,33rd St and Spruce Street Philadelphia PA 19104,stadium,Open space;stadium,"1922, Day & Klauder",1922,Day and Klauder,,,,39.990821,-75.168428,doubt,dreamlab113
St. Monica Mission Church Site,,,West,4206 Woodland Ave,FALSE,Philadelphia,PA,19104,4206 Woodland Ave Philadelphia PA 19104,church,Building,"1914-1916, Duhring, Okie and Ziegler",1916,"Duhring, Okie and Ziegler",,,,39.949464,-75.199983,doubt,dreamlab114
Paul Leroy Robeson House,Lauren,"Recognized as a historical landmark in 1991; the house where actor and activist Paul Robeson was cared for by his sister, Marian R. Forsythe; during the last years of his life ",West,4951 Walnut St,FALSE,Philadelphia,PA,19139,4951 Walnut St Philadelphia PA 19139,dwelling,residence,"1911, E.A. Wilson; alterations, ca. 1959",1911,"Wilson, E. A.",,,,39.956688,-75.221373,success,dreamlab115
African Episcopal Church of St. Thomas Site #3,,,West,6361 Lancaster Ave,FALSE,Philadelphia,PA,19151,6361 Lancaster Ave Philadelphia PA 19151,church,Building,"1899, Frederick Mann; alterations, 1905, Baily & Bassett",1899,"Mann, Frederick",,,,39.987312,-75.251068,success,dreamlab116
Allen A.M.E. Church Building #3 / Fourth Reformed Presbyterian Church Building,,,West,5901 Larchwood Ave,FALSE,Philadelphia,PA,19143,5901 Larchwood Ave Philadelphia PA 19143,church,Building,"1917, George D. Savage",1917,"Savage, George D. ",,,,39.954,-75.240659,success,dreamlab117
Mount Pisgah A.M.E. Church / Centenary Methodist Church,,,West,428 N 41st St,FALSE,Philadelphia,PA,19104,428 N 41st St Philadelphia PA 19104,church,Building,"ca. 1860s-1880s; alterations, 1901, H. King; alterations, 1913, James Fernald; rebuilt after fire, 1944",1880,,,,,39.976197,-75.206385,doubt,dreamlab118
Mount Carmel Baptist Church,,,West,5732 Race St,FALSE,Philadelphia,PA,19139,5732 Race St Philadelphia PA 19139,church,Building,"1915, Henry DeHoff; alterations, 1938, Charles Bolton & Sons; main sanctuary, post-World War II",1915,"DeHoff, Henry",,,,39.964312,-75.235491,success,dreamlab119
presbyterian church,,,West,34th St and Girard St,TRUE,Philadelphia,PA,19104,34th St and Girard St Philadelphia PA 19104,church,Building,"ca. 1912, Horace Trumbauer (Julian Abele)",1912,"Abele, Julian",,,,39.990821,-75.168428,doubt,dreamlab120
Irvine Auditorium (University of Pennsylvania),,,West,3401 Spruce St,FALSE,Philadelphia,PA,19104,3401 Spruce St Philadelphia PA 19104,auditorium,Building,"ca. 1928, Horace Trumbauer (Julian Abele)",1928,"Abele, Julian",,,,39.950877,-75.19301,success,dreamlab121
Otto Eisenlohr House / President's House (University of Pennsylvania),,,West,3812 Walnut St,FALSE,Philadelphia,PA,19104,3812 Walnut St Philadelphia PA 19104,dwelling,residence,"ca. 1905, Horace Trumbauer (Julian Abele)",1905,"Abele, Julian",,,,39.949649,-75.16673,doubt,dreamlab122
Zoological Society Building,,,West,34th and Girard St,TRUE,Philadelphia,PA,19104,34th and Girard St Philadelphia PA 19104,,Building,"ca. 1912, Horace Trumbauer (Julian Abele)",1912,"Abele, Julian",,,,39.990821,-75.168428,doubt,dreamlab123
Stephen Smith Home for the Aged and Infirmed,,,West,4400 W Girard Ave,FALSE,Philadelphia,PA,19104,4400 W Girard Ave Philadelphia PA 19104,retirement home,Building,"ca. 1883, Hutton, Addison",1883,"Hutton, Addison",,,,39.972816,-75.212586,success,dreamlab124
Overbrook High School (Wilt Chamberlain),,,West,5898 Lancaster Ave,FALSE,Philadelphia,PA,19131,5898 Lancaster Ave Philadelphia PA 19131,school,Building,"1924, Irwin T. Catherine",1924,"Catherine, Irwin T.",,,,39.974485,-75.220917,doubt,dreamlab125
Star of Hope Baptist Church,,,West,443 N 60th St,FALSE,Philadelphia,PA,19151,443 N 60th St Philadelphia PA 19151,church,Building,"ca. 1962, James Plater",1962,"Plater, James",,,,39.969076,-75.239025,success,dreamlab126
Tyree A.M.E. Church / 10th United Presbyterian Church,,,West,3800 Hamilton St,FALSE,Philadelphia,PA,19104,3800 Hamilton St Philadelphia PA 19104,church,Building,"1886, Lawrence Valk",1886,"Valk, Lawrence ",,,,39.961293,-75.19721,success,dreamlab127
Pinn Memorial Baptist Church / Har Zion Synagogue,,,West,2251 N 54th St,FALSE,Philadelphia,PA,19131,2251 N 54th St Philadelphia PA 19131,church,Building,"1922-1924, Leroy Rothschild; alterations and additions, 1940-1957, Silverman & Levey",,,,,,39.993335,-75.233854,doubt,dreamlab128
Lombard Central Presbyterian Church Building #2 / Friends Meeting House,,,West,4201 Powelton Ave,FALSE,Philadelphia,PA,19104,4201 Powelton Ave Philadelphia PA 19104,church,Building,"ca. 1875; alterations, 1903, Morris & Vaux",1875,,,,,39.959156,-75.206639,success,dreamlab129
Tyree A.M.E. Church (?) / Williams Chapel / Metropolitan Baptist Church / First United Baptist Church,,,West,3728-3730 Haverford Ave,TRUE,Philadelphia,PA,19104,3728-3730 Haverford Ave Philadelphia PA 19104,church,Building,"before 1922; alterations as church, 1937, Richard Neely",1922,,,,,39.968301,-75.23486,doubt,dreamlab130
Monumental Baptist Church / First Reformed Church,,,West,4948 Locust St,FALSE,Philadelphia,PA,19139,4948 Locust St Philadelphia PA 19139,church,Building,"1923-1925, Stuckert & Co.",1925,Stuckert and Co.,,,,39.955048,-75.221354,success,dreamlab131
"United Mission Church / Pennsylvania Railroad Branch, YMCA / Second Antioch Baptist Church",,,West,907 N 41st St,FALSE,Philadelphia,PA,19104,907 N 41st St Philadelphia PA 19104,church,Building,"1892, T. P. Lonsdale",1892,"Lonsdale, T. P. ",,,,39.976197,-75.206385,doubt,dreamlab132
White Rock Baptist Church / St. Matthew M.E. Church,,,West,5240-5244 Chestnut St,TRUE,Philadelphia,PA,19139,5240-5244 Chestnut St Philadelphia PA 19139,church,Building,"original church building, 1889-1890, T. P. Lonsdale; parish house, 1899, T. P. Lonsdale; substantial chapel addition, 1908, Wesl",1890,"Lonsdale, T. P. ",,,,39.957881,-75.220335,doubt,dreamlab133
St. Michael and All Angels Chapel / Bethany Baptist Church / Victory Baptist Church,,,West,4238 Wallace St,FALSE,Philadelphia,PA,19104,4238 Wallace St Philadelphia PA 19104,church,Building,"1889, William Camac, project architect, in firm of Furness, Evans & Co.; alterations, 1920, John E. Bullock",1889,"Camac, William",,,,39.963341,-75.20862,success,dreamlab134
Temple 12 (Site #3) / Makkah Masjid,Max Johnson Dugan,"Built in 1902, Malcolm X moved the Nation of Islam Temple #12 there in 1962 (from it's old location at 4218 Lancaster Ave.). It is currently Makkah Masjid. More info: https://hiddencityphila.org/2017/01/peeling-back-the-layers-on-malcolm-xs-mosque-12/",North,1319-21 West Susquehanna Ave.,TRUE,Philadelphia,PA,19122,1319-21 West Susquehanna Ave. Philadelphia PA 19122,mosque,Building,1902,1902,,,,,,,,dreamlab135
Temple 12 (Site #2),Max Johnson Dugan,The second location of Temple 12 during the late 1950s and until 1962.,West,4218 Lancaster Ave.,FALSE,Philadelphia,PA,,4218 Lancaster Ave. Philadelphia PA ,mosque,Building,,,,,,,,,,dreamlab136
Temple 12 (Site #1),Max Johnson Dugan,"The first location of Temple 12 in Philadelphia, and currently home of the Holy Ghose Crusade Church",North,1643 North Bailey St.,FALSE,Philadelphia,PA,,1643 North Bailey St. Philadelphia PA ,mosque,Building,,,,,,,,,,dreamlab137
Mosque 12 (Site #4),Max Johnson Dugan,The current location of Mosque 12. ,North,2508 N Broad St,FALSE,Philadelphia,PA,,2508 N Broad St Philadelphia PA ,mosque,Building,,,,,,,,,,dreamlab138
Sister Clara Muhammad School / The Philadelphia Masjid,Max Johnson Dugan,"Formerly a Sister Clara Muhammad School (the primary schools of the Nation of Islam), which closed in 2005, that is currently the Philadelphia Masjid.",West,4700 Wyalusing Ave,FALSE,Philadelphia,PA,,4700 Wyalusing Ave Philadelphia PA ,mosque,Building,,,,,,,,,,dreamlab139